{
  "format_version": "1.8.0",
  "minecraft:spawn_rules": {
    "description": {
      "identifier": "minecraft:axolotl",
      "population_control": "animal"
    },
    "conditions": [
      {
        "minecraft:spawns_underground": {},
        "minecraft:spawns_underwater": {},
        "minecraft:disallow_spawns_in_bubble": {},
        "minecraft:weight": {
          "default": 8
        },
        "minecraft:brightness_filter": {
          "min": 0,
          "max": 0,
          "adjust_for_weather": false
        },
        "minecraft:spawns_above_block_filter": {
          "blocks": "minecraft:stone",
          "distance": 10
        },
        "minecraft:herd": {
          "min_size": 1,
          "max_size": 4,
          "event": "minecraft:entity_born",
          "event_skip_count": 2
        },
        "minecraft:biome_filter": {
          "test": "has_biome_tag",
          "operator": "==",
          "value": "lush_caves"
        },
        "minecraft:height_filter": {
          "min": -64,
          "max": 63
        }
      }
    ]
  }
}