{
  "format_version": "1.13.0",
  "minecraft:feature_rules": {
    "description": {
      "identifier": "minecraft:birch_forest_surface_trees_feature",
      "places_feature": "minecraft:legacy:birch_forest_tree_feature"
    },
    "conditions": {
      "placement_pass": "surface_pass",
      "minecraft:biome_filter": [
        {
          "test": "has_biome_tag",
          "operator": "==",
          "value": "forest"
        },
        {
          "all_of": [
            {
              "test": "has_biome_tag",
              "operator": "==",
              "value": "birch"
            },
            {
              "test": "has_biome_tag",
              "operator": "!=",
              "value": "mutated"
            }
          ]
        }
      ]
    },
    "distribution": {
      "iterations": 1,
      "coordinate_eval_order": "zxy",
      "x": 0,
      "y": "query.heightmap(variable.worldx, variable.worldz)",
      "z": 0
    }
  }
}
