{
  "format_version": "1.13.0",
  "minecraft:feature_rules": {
    "description": {
      "identifier": "minecraft:forest_first_foliage_feature",
      "places_feature": "minecraft:legacy:forest_foliage_feature"
    },
    "conditions": {
      "placement_pass": "first_pass",
      "minecraft:biome_filter": [
        {
          "any_of": [
            {
              "test": "has_biome_tag",
              "operator": "==",
              "value": "forest"
            },
            {
              "test": "has_biome_tag",
              "operator": "==",
              "value": "forest_generation"
            }
          ]
        },
        {
          "test": "has_biome_tag",
          "operator": "!=",
          "value": "roofed"
        },
        {
          "test": "has_biome_tag",
          "operator": "!=",
          "value": "extreme_hills"
        },
        {
          "test": "has_biome_tag",
          "operator": "!=",
          "value": "taiga"
        }
      ]
    },
    "distribution": {
      "iterations": 1,
      "x": 0,
      "y": "query.heightmap(variable.worldx, variable.worldz)",
      "z": 0
    }
  }
}
