{
  "format_version": "1.16.0",
  "minecraft:feature_rules": {
    "description": {
      "identifier": "minecraft:lush_caves_after_surface_azalea_root_system_feature",
      "places_feature": "minecraft:azalea_root_system_snap_to_ceiling_feature"
    },
    "conditions": {
      "placement_pass": "after_surface_pass",
      "minecraft:biome_filter": [
        {
          "test": "has_biome_tag", "operator": "==", "value": "lush_caves"
        }
      ]
    },
    "distribution": {
      "iterations": "Math.Random(1, 5)",
      "x": {
        "distribution": "uniform",
        "extent": [ 0, 16 ]
      },
      "y": {
        "distribution": "uniform",
        "extent": [ -64, 63 ]
      },
      "z": {
        "distribution": "uniform",
        "extent": [ 0, 16 ]
      }
    }
  }
}
